{
  "Delete Book" : {
    "transaction" : "Delete Book",
    "sampleCount" : 44,
    "errorCount" : 0,
    "errorPct" : 0.0,
    "meanResTime" : 115.43181818181819,
    "medianResTime" : 115.0,
    "minResTime" : 113.0,
    "maxResTime" : 123.0,
    "pct1ResTime" : 117.0,
    "pct2ResTime" : 117.75,
    "pct3ResTime" : 123.0,
    "throughput" : 4.961100462284361,
    "receivedKBytesPerSec" : 1.0222580054121095,
    "sentKBytesPerSec" : 1.1781732720712594
  },
  "Get Books" : {
    "transaction" : "Get Books",
    "sampleCount" : 47,
    "errorCount" : 0,
    "errorPct" : 0.0,
    "meanResTime" : 285.4255319148935,
    "medianResTime" : 248.0,
    "minResTime" : 238.0,
    "maxResTime" : 812.0,
    "pct1ResTime" : 286.80000000000007,
    "pct2ResTime" : 715.1999999999999,
    "pct3ResTime" : 812.0,
    "throughput" : 4.6091987839560655,
    "receivedKBytesPerSec" : 438.94516309944106,
    "sentKBytesPerSec" : 0.6616720910561931
  },
  "Total" : {
    "transaction" : "Total",
    "sampleCount" : 181,
    "errorCount" : 0,
    "errorPct" : 0.0,
    "meanResTime" : 162.1491712707183,
    "medianResTime" : 121.0,
    "minResTime" : 112.0,
    "maxResTime" : 812.0,
    "pct1ResTime" : 258.8,
    "pct2ResTime" : 271.9,
    "pct3ResTime" : 736.5600000000006,
    "throughput" : 17.750318721192507,
    "receivedKBytesPerSec" : 444.1575187555164,
    "sentKBytesPerSec" : 3.3416882722859667
  },
  "Get Book" : {
    "transaction" : "Get Book",
    "sampleCount" : 45,
    "errorCount" : 0,
    "errorPct" : 0.0,
    "meanResTime" : 124.11111111111111,
    "medianResTime" : 124.0,
    "minResTime" : 119.0,
    "maxResTime" : 130.0,
    "pct1ResTime" : 128.0,
    "pct2ResTime" : 128.0,
    "pct3ResTime" : 130.0,
    "throughput" : 4.920721705850191,
    "receivedKBytesPerSec" : 3.5615431930016404,
    "sentKBytesPerSec" : 0.7356521664844178
  },
  "Post Book" : {
    "transaction" : "Post Book",
    "sampleCount" : 45,
    "errorCount" : 0,
    "errorPct" : 0.0,
    "meanResTime" : 117.11111111111111,
    "medianResTime" : 115.0,
    "minResTime" : 112.0,
    "maxResTime" : 180.0,
    "pct1ResTime" : 120.0,
    "pct2ResTime" : 128.49999999999997,
    "pct3ResTime" : 180.0,
    "throughput" : 4.9244911359159556,
    "receivedKBytesPerSec" : 1.2599772242284963,
    "sentKBytesPerSec" : 1.1108959496060407
  }
}