{
  "Post Books" : {
    "transaction" : "Post Books",
    "sampleCount" : 35,
    "errorCount" : 0,
    "errorPct" : 0.0,
    "meanResTime" : 115.34285714285714,
    "medianResTime" : 115.0,
    "minResTime" : 113.0,
    "maxResTime" : 119.0,
    "pct1ResTime" : 117.0,
    "pct2ResTime" : 118.19999999999999,
    "pct3ResTime" : 119.0,
    "throughput" : 8.842849924204144,
    "receivedKBytesPerSec" : 2.2625260548256696,
    "sentKBytesPerSec" : 1.9948225903233956
  },
  "Delete Book" : {
    "transaction" : "Delete Book",
    "sampleCount" : 35,
    "errorCount" : 0,
    "errorPct" : 0.0,
    "meanResTime" : 115.11428571428571,
    "medianResTime" : 115.0,
    "minResTime" : 112.0,
    "maxResTime" : 121.0,
    "pct1ResTime" : 117.0,
    "pct2ResTime" : 119.39999999999999,
    "pct3ResTime" : 121.0,
    "throughput" : 8.851795649974708,
    "receivedKBytesPerSec" : 1.823953986469398,
    "sentKBytesPerSec" : 2.1020544859635812
  },
  "Get Books" : {
    "transaction" : "Get Books",
    "sampleCount" : 40,
    "errorCount" : 0,
    "errorPct" : 0.0,
    "meanResTime" : 333.55000000000007,
    "medianResTime" : 268.0,
    "minResTime" : 243.0,
    "maxResTime" : 837.0,
    "pct1ResTime" : 814.5,
    "pct2ResTime" : 829.85,
    "pct3ResTime" : 837.0,
    "throughput" : 7.611798287345386,
    "receivedKBytesPerSec" : 724.8050591698383,
    "sentKBytesPerSec" : 1.092709324452902
  },
  "Total" : {
    "transaction" : "Total",
    "sampleCount" : 145,
    "errorCount" : 0,
    "errorPct" : 0.0,
    "meanResTime" : 177.75172413793106,
    "medianResTime" : 121.0,
    "minResTime" : 112.0,
    "maxResTime" : 837.0,
    "pct1ResTime" : 275.4,
    "pct2ResTime" : 286.49999999999994,
    "pct3ResTime" : 833.78,
    "throughput" : 27.59276879162702,
    "receivedKBytesPerSec" : 732.70211405804,
    "sentKBytesPerSec" : 5.172529138915319
  },
  "Get Book" : {
    "transaction" : "Get Book",
    "sampleCount" : 35,
    "errorCount" : 0,
    "errorPct" : 0.0,
    "meanResTime" : 124.74285714285715,
    "medianResTime" : 125.0,
    "minResTime" : 120.0,
    "maxResTime" : 134.0,
    "pct1ResTime" : 128.4,
    "pct2ResTime" : 130.79999999999998,
    "pct3ResTime" : 134.0,
    "throughput" : 8.829465186680121,
    "receivedKBytesPerSec" : 6.390522515136226,
    "sentKBytesPerSec" : 1.3199853367810293
  }
}